"ConsultationNumber","OriginalTitle","EnglishSummary","Category","ContractingAuthority","PublicationDate","Deadline","Language","Confidence","Reason","DirectLink","Urgent"
"S20260604901","Acquisition materiel informatique","Acquisition materiel informatique","IT consumables / computers / accessories","HÃ´pital de circonscription Bargou","19/06/2026 10:34","02/07/2026 09:00","French","95%","Contains IT equipment, computer, consumable, or accessory wording.","https://www.tuneps.tn/portail/consultations/consultationdetails/336371/S20260604901","Yes"
"S20260606416","devis cartouches pour imprimantes divers (2) 2026","devis cartouches pour imprimantes divers (2) 2026","Toners and ink cartridges","Prison civile Messaadine","25/06/2026 15:58","02/07/2026 09:00","French","95%","Contains toner, cartridge, or ink wording.","https://www.tuneps.tn/portail/consultations/consultationdetails/338060/S20260606416","Yes"
"S20260606484","Acquisition Encres","Acquisition Encres","Toners and ink cartridges","Ecole SupÃ©rieure des Sciences et des Technologies de Hammam Sousse","26/06/2026 09:51","02/07/2026 09:00","French","82%","Contains toner, cartridge, or ink wording.","https://www.tuneps.tn/portail/consultations/consultationdetails/338134/S20260606484","Yes"
"S20260606164","diagnostic et rÃ©paration matÃ©riels informatiques","diagnostic et rÃ©paration matÃ©riels informatiques","Office / IT supplies","HÃ´pital RÃ©gional de Ben Arous","25/06/2026 11:37","02/07/2026 09:00","French","82%","Related to office or IT procurement based on the consultation wording.","https://www.tuneps.tn/portail/consultations/consultationdetails/337785/S20260606164","Yes"
"S20260606413","devis matÃ©riel informatique (2) 2026","devis matÃ©riel informatique (2) 2026","Office / IT supplies","Prison civile Messaadine","25/06/2026 15:54","02/07/2026 09:00","French","82%","Related to office or IT procurement based on the consultation wording.","https://www.tuneps.tn/portail/consultations/consultationdetails/338057/S20260606413","Yes"
"S20260606128","Acquisition de matÃ©riel informatique","Acquisition de matÃ©riel informatique","Office / IT supplies","Prison civile Mornaguia","25/06/2026 10:46","02/07/2026 09:00","French","82%","Related to office or IT procurement based on the consultation wording.","https://www.tuneps.tn/portail/consultations/consultationdetails/337749/S20260606128","Yes"
"S20260605916","Ø¥Ù‚ØªÙ†Ø§Ø¡ Ø­Ø¨Ø± Ù„Ù„Ø¢Ù„Ø§Øª Ø§Ù„Ù†Ø§Ø³Ø®Ø© SHARP","Ø¥Ù‚ØªÙ†Ø§Ø¡ Ø­Ø¨Ø± Ù„Ù„Ø¢Ù„Ø§Øª Ø§Ù„Ù†Ø§Ø³Ø®Ø© SHARP","Office / IT supplies","MinistÃ¨re des Domaines de lâ€™Etat et des Affaires FonciÃ¨res","24/06/2026 11:41","02/07/2026 09:30","French","82%","Related to office or IT procurement based on the consultation wording.","https://www.tuneps.tn/portail/consultations/consultationdetails/337515/S20260605916","Yes"
"S20260606485","imprimante photo et autres matÃ©riels","imprimante photo et autres matÃ©riels","Printers / office equipment","Ecole des sous-officiers","26/06/2026 09:54","02/07/2026 10:00","French","95%","Contains printer, photocopier, scanner, multifunction, or document-shredder wording.","https://www.tuneps.tn/portail/consultations/consultationdetails/338135/S20260606485","Yes"
"S20260604722","Acquisition de matÃ©riel informatique au profit de la MunicipalitÃ© de Sidi Jdidi","Acquisition de matÃ©riel informatique au profit de la MunicipalitÃ© de Sidi Jdidi","Office / IT supplies","Commune Sidi Jedidi","18/06/2026 14:58","02/07/2026 10:00","French","82%","Related to office or IT procurement based on the consultation wording.","https://www.tuneps.tn/portail/consultations/consultationdetails/336162/S20260604722","Yes"
"S20260606322","tonner,GT 51 ,ruban  ,tete d'impresssion,cartouche d'encre, ...","tonner,GT 51 ,ruban  ,tete d'impresssion,cartouche d'encre, ...","Toners and ink cartridges","HÃ´pital RÃ©gional du Kef","25/06/2026 14:33","02/07/2026 11:00","French","95%","Contains toner, cartridge, or ink wording.","https://www.tuneps.tn/portail/consultations/consultationdetails/337957/S20260606322","Yes"
"S20260604560","acquisition d'imprimante PVC  et de carte Ã©lectronique","acquisition d'imprimante PVC  et de carte Ã©lectronique","Printers / office equipment","Centre militaire de formation professionnelle de BÃ©ja","18/06/2026 12:12","02/07/2026 12:15","French","95%","Contains printer, photocopier, scanner, multifunction, or document-shredder wording.","https://www.tuneps.tn/portail/consultations/consultationdetails/335961/S20260604560","Yes"
"S20260605424","Acquisation materiel informatique","Acquisation materiel informatique","IT consumables / computers / accessories","HÃ´pital de circonscription du Krib","22/06/2026 14:45","02/07/2026 14:00","French","95%","Contains IT equipment, computer, consumable, or accessory wording.","https://www.tuneps.tn/portail/consultations/consultationdetails/336966/S20260605424","Yes"
"S20260603615","ACQUISITIONDE MATERIEL INFORMATIQUE","ACQUISITIONDE MATERIEL INFORMATIQUE","IT consumables / computers / accessories","Commune Ain Draham","12/06/2026 16:56","02/07/2026 14:30","French","95%","Contains IT equipment, computer, consumable, or accessory wording.","https://www.tuneps.tn/portail/consultations/consultationdetails/334844/S20260603615","Yes"
"S20260606469","achat accessoires informatiques (Ø¬ÙˆØ§Ø¦Ø²)","achat accessoires informatiques (Ø¬ÙˆØ§Ø¦Ø²)","IT consumables / computers / accessories","Institut SupÃ©rieur des Etudes Technologiques de Mahdia","26/06/2026 09:15","02/07/2026 23:59","French","82%","Contains IT equipment, computer, consumable, or accessory wording.","https://www.tuneps.tn/portail/consultations/consultationdetails/338117/S20260606469","Yes"
"S20260605104","acquisition matÃ©riel informatique","acquisition matÃ©riel informatique","Office / IT supplies","Institut National des Sciences AppliquÃ©es et de Technologie","19/06/2026 17:07","03/07/2026 08:00","French","82%","Related to office or IT procurement based on the consultation wording.","https://www.tuneps.tn/portail/consultations/consultationdetails/336602/S20260605104","Yes"
"S20260605242","encre imprimante 2","encre imprimante 2","Toners and ink cartridges","Centre de reeducation des enfants mineurs sidi el hani","22/06/2026 09:51","03/07/2026 09:00","French","95%","Contains toner, cartridge, or ink wording.","https://www.tuneps.tn/portail/consultations/consultationdetails/336757/S20260605242","Yes"
"S20260607074","Ø§Ù‚ØªÙ†Ø§Ø¡  Ø­Ø¨Ø± Ø®Ø§Øµ Ø¨Ø§Ù„Ø·Ø¨Ø§Ø¹Ø©","Ø§Ù‚ØªÙ†Ø§Ø¡  Ø­Ø¨Ø± Ø®Ø§Øµ Ø¨Ø§Ù„Ø·Ø¨Ø§Ø¹Ø©","Office / IT supplies","Ø³Ø¬Ù† Ù‚Ø¨Ù„ÙŠ","30/06/2026 08:56","03/07/2026 09:00","French","82%","Related to office or IT procurement based on the consultation wording.","https://www.tuneps.tn/portail/consultations/consultationdetails/338802/S20260607074","Yes"
"S20260604883","encre imprimante","encre imprimante","Toners and ink cartridges","Centre de reeducation des enfants mineurs sidi el hani","19/06/2026 10:20","03/07/2026 09:00","French","95%","Contains toner, cartridge, or ink wording.","https://www.tuneps.tn/portail/consultations/consultationdetails/336353/S20260604883","Yes"
"S20260605043","Achat de destructeur de papier.","Achat de destructeur de papier.","Printers / office equipment","SociÃ©tÃ© Tunisienne dâ€™ElectricitÃ© et de Gaz","19/06/2026 15:28","03/07/2026 09:00","French","90%","Contains printer, photocopier, scanner, multifunction, or document-shredder wording.","https://www.tuneps.tn/portail/consultations/consultationdetails/336533/S20260605043","Yes"
"S20260605483","Acquisition fournitures informatiques et Ã©lectriques","Acquisition fournitures informatiques et Ã©lectriques","Office / IT supplies","Agence Nationale pour lâ€™Emploi et le Travail IndÃ©pendant","22/06/2026 17:14","03/07/2026 09:00","French","90%","Related to office or IT procurement based on the consultation wording.","https://www.tuneps.tn/portail/consultations/consultationdetails/337033/S20260605483","Yes"
"S20260606579","Acquisition Dâ€™encre pour imprimantes","Acquisition Dâ€™encre pour imprimantes","Toners and ink cartridges","FacultÃ© de MÃ©decine de Sousse","26/06/2026 11:55","03/07/2026 10:00","French","95%","Contains toner, cartridge, or ink wording.","https://www.tuneps.tn/portail/consultations/consultationdetails/338242/S20260606579","Yes"
"S20260606545","Acquisition Dâ€™encre pour Photocopieurs","Acquisition Dâ€™encre pour Photocopieurs","Toners and ink cartridges","FacultÃ© de MÃ©decine de Sousse","26/06/2026 11:18","03/07/2026 10:00","French","95%","Contains toner, cartridge, or ink wording.","https://www.tuneps.tn/portail/consultations/consultationdetails/338203/S20260606545","Yes"
"S20260604827","Ø§Ù‚ØªÙ†Ø§Ø¡ Ù…ÙˆØ§Ø¯ Ù…ÙƒØªØ¨ÙŠØ© Ø¨Ø¹Ù†ÙˆØ§Ù† Ø³Ù†Ø© 2026","Ø§Ù‚ØªÙ†Ø§Ø¡ Ù…ÙˆØ§Ø¯ Ù…ÙƒØªØ¨ÙŠØ© Ø¨Ø¹Ù†ÙˆØ§Ù† Ø³Ù†Ø© 2026","Office / IT supplies","Commune Ouerdanine","19/06/2026 09:11","03/07/2026 10:00","French","82%","Related to office or IT procurement based on the consultation wording.","https://www.tuneps.tn/portail/consultations/consultationdetails/336292/S20260604827","Yes"
"S20260607304","PC portables et de montres connectÃ©es","laptops and Smartwatches","IT consumables / computers / accessories","Institut PrÃ©paratoire aux Etudes dâ€™IngÃ©nieurs de Sfax","30/06/2026 21:16","03/07/2026 10:00","French","95%","Contains IT equipment, computer, consumable, or accessory wording.","https://www.tuneps.tn/portail/consultations/consultationdetails/339079/S20260607304","Yes"
"S20260605449","acquisition matÃ©riel informatique","acquisition matÃ©riel informatique","Office / IT supplies","Commune de Kalaa Sghira","22/06/2026 15:15","03/07/2026 10:00","French","82%","Related to office or IT procurement based on the consultation wording.","https://www.tuneps.tn/portail/consultations/consultationdetails/336994/S20260605449","Yes"
"S20260601781","Acquisition de matÃ©riel informatique","Acquisition de matÃ©riel informatique","Office / IT supplies","Commune de Metline","05/06/2026 11:13","03/07/2026 10:00","French","82%","Related to office or IT procurement based on the consultation wording.","https://www.tuneps.tn/portail/consultations/consultationdetails/332714/S20260601781","Yes"
"S20260604875","Acquisition de materiel informatique","Acquisition de materiel informatique","IT consumables / computers / accessories","Centre de Promotion des Exportations","19/06/2026 10:16","03/07/2026 10:00","French","95%","Contains IT equipment, computer, consumable, or accessory wording.","https://www.tuneps.tn/portail/consultations/consultationdetails/336344/S20260604875","Yes"
"S20260605337","MatÃ©riel informatique","MatÃ©riel informatique","Office / IT supplies","Ecole Nationale dâ€™IngÃ©nieurs de Sousse","25/06/2026 13:19","03/07/2026 10:15","French","82%","Related to office or IT procurement based on the consultation wording.","https://www.tuneps.tn/portail/consultations/consultationdetails/337885/S20260605337","Yes"
"S20260606584","Ø§Ù„Ø­Ø¨Ø± ÙˆÙ…Ø³ØªÙ„Ø²Ù…Ø§Øª Ø§Ù„Ø¥Ø¹Ù„Ø§Ù…ÙŠØ© Ù„ÙØ§Ø¦Ø¯Ø©  Ø§Ù„Ù…Ø³ØªØ´ÙÙ‰ Ø§Ù„Ø¬Ù‡ÙˆÙŠ Ø¨Ø³Ù„ÙŠØ§Ù†Ø©","Ø§Ù„Ø­Ø¨Ø± ÙˆÙ…Ø³ØªÙ„Ø²Ù…Ø§Øª Ø§Ù„Ø¥Ø¹Ù„Ø§Ù…ÙŠØ© Ù„ÙØ§Ø¦Ø¯Ø©  Ø§Ù„Ù…Ø³ØªØ´ÙÙ‰ Ø§Ù„Ø¬Ù‡ÙˆÙŠ Ø¨Ø³Ù„ÙŠØ§Ù†Ø©","Office / IT supplies","HÃ´pital RÃ©gional de Siliana","26/06/2026 12:03","04/07/2026 09:00","French","82%","Related to office or IT procurement based on the consultation wording.","https://www.tuneps.tn/portail/consultations/consultationdetails/338249/S20260606584","Yes"
"S20260700065","Cartouches  pour Imprimante  EPSON","Cartouches  pour Imprimante  EPSON","Toners and ink cartridges","Institut National de Neurologie Tunis","01/07/2026 09:42","04/07/2026 10:00","French","95%","Contains toner, cartridge, or ink wording.","https://www.tuneps.tn/portail/consultations/consultationdetails/339150/S20260700065","Yes"
"S20260605343","Cartables et Sac a dos Scolaires","Cartables et Sac a dos Scolaires","School supplies","Centre IntÃ©grÃ© De La Jeunesse Et De lâ€™enfance  Sousse","22/06/2026 13:08","05/07/2026 23:59","French","90%","Contains school-supply terms such as school bags, stationery, or educational supplies.","https://www.tuneps.tn/portail/consultations/consultationdetails/336874/S20260605343","Yes"
"S20260605848","Ø§Ù‚ØªÙ†Ø§Ø¡ Ù…ÙˆØ§Ø¯ Ù…ÙƒØªØ¨ÙŠØ©","Ø§Ù‚ØªÙ†Ø§Ø¡ Ù…ÙˆØ§Ø¯ Ù…ÙƒØªØ¨ÙŠØ©","Office / IT supplies","HÃ´pital De Circonscription Bouficha","24/06/2026 09:34","06/07/2026 06:00","French","82%","Related to office or IT procurement based on the consultation wording.","https://www.tuneps.tn/portail/consultations/consultationdetails/337440/S20260605848","Yes"
"S20260700167","acquisition matÃ©riels informatique CRFFES","acquisition matÃ©riels informatique CRFFES","Office / IT supplies","commissariat rÃ©gionale des affaires de la femme et de la famille siliana","01/07/2026 12:04","06/07/2026 06:00","French","82%","Related to office or IT procurement based on the consultation wording.","https://www.tuneps.tn/portail/consultations/consultationdetails/339273/S20260700167","Yes"
"S20260606970","acquisition de matÃ©riel informatique CRFFES","acquisition de matÃ©riel informatique CRFFES","Office / IT supplies","commissariat rÃ©gionale des affaires de la femme et de la famille siliana","30/06/2026 10:26","06/07/2026 06:00","French","82%","Related to office or IT procurement based on the consultation wording.","https://www.tuneps.tn/portail/consultations/consultationdetails/338843/S20260606970","Yes"
"S20260606955","Ø¥Ù‚ØªÙ†Ø§Ø¡ rame papier A4 Ù„ÙØ§Ø¦Ø¯Ø© Ø³Ø¬Ù† Ø§Ù„Ù…Ù‡Ø¯ÙŠØ©","Ø¥Ù‚ØªÙ†Ø§Ø¡ rame papier A4 Ù„ÙØ§Ø¦Ø¯Ø© Ø³Ø¬Ù† Ø§Ù„Ù…Ù‡Ø¯ÙŠØ©","Printing paper / A4 paper","PRISON CIVIL MAHDIA","29/06/2026 15:03","06/07/2026 07:00","French","95%","Contains paper terms such as A4 paper, printing paper, administrative prints, or roll paper.","https://www.tuneps.tn/portail/consultations/consultationdetails/338670/S20260606955","Yes"
"S20260606578","achat encre pour photocopieuse","achat encre pour photocopieuse","Toners and ink cartridges","MinistÃ¨re de la DÃ©fense Nationale","26/06/2026 11:49","06/07/2026 08:30","French","82%","Contains toner, cartridge, or ink wording.","https://www.tuneps.tn/portail/consultations/consultationdetails/338239/S20260606578","Yes"
"S20260606961","Ø´Ø±Ø§Ø¡ Ù…Ø¹Ø¯Ø§Øª Ø¥Ø¹Ù„Ø§Ù…ÙŠØ©","Ø´Ø±Ø§Ø¡ Ù…Ø¹Ø¯Ø§Øª Ø¥Ø¹Ù„Ø§Ù…ÙŠØ©","Office / IT supplies","Centre Militaire Cynotechnique","29/06/2026 15:19","06/07/2026 09:00","French","82%","Related to office or IT procurement based on the consultation wording.","https://www.tuneps.tn/portail/consultations/consultationdetails/338680/S20260606961","Yes"
"S20260605835","Ø§Ù‚ØªÙ†Ø§Ø¡ Ø¢Ù„Ø© Ù†Ø§Ø³Ø®Ø© + Ø®Ø±Ø§Ø·ÙŠØ´ Ø­Ø¨Ø±","Ø§Ù‚ØªÙ†Ø§Ø¡ Ø¢Ù„Ø© Ù†Ø§Ø³Ø®Ø© + Ø®Ø±Ø§Ø·ÙŠØ´ Ø­Ø¨Ø±","Office / IT supplies","Prison Civile De Sfax","24/06/2026 08:41","06/07/2026 09:00","French","82%","Related to office or IT procurement based on the consultation wording.","https://www.tuneps.tn/portail/consultations/consultationdetails/337424/S20260605835","Yes"
"S20260606041","Achat, installation et mise en marche de matÃ©riels informatiques","Achat, installation et mise en marche de matÃ©riels informatiques","Office / IT supplies","Commune  Midoun Djerba","25/06/2026 09:08","06/07/2026 09:00","French","82%","Related to office or IT procurement based on the consultation wording.","https://www.tuneps.tn/portail/consultations/consultationdetails/337653/S20260606041","Yes"
"S20260607097","matÃ©riel informatique","matÃ©riel informatique","Office / IT supplies","Centre dâ€™Instruction de lâ€™Artillerie","30/06/2026 10:05","06/07/2026 09:00","French","82%","Related to office or IT procurement based on the consultation wording.","https://www.tuneps.tn/portail/consultations/consultationdetails/338827/S20260607097","Yes"
"S20260606271","mise Ã  la disposition des imprimantes, couleur , monochrome et  multi fonction (2eme fois)","mise Ã  la disposition des imprimantes, couleur , monochrome et  multi fonction (2eme fois)","Printers / office equipment","Centre de Traumatologie et des Grands BrÃ»les","25/06/2026 13:57","06/07/2026 10:00","French","95%","Contains printer, photocopier, scanner, multifunction, or document-shredder wording.","https://www.tuneps.tn/portail/consultations/consultationdetails/337902/S20260606271","Yes"
"S20260606159","Ø§Ù‚ØªÙ†Ø§Ø¡ Ùˆ ØªÙˆØ²ÙŠØ¹ Ù„ÙˆØ§Ø²Ù… Ù…ÙƒØ§ØªØ¨ Ù„ÙØ§Ø¦Ø¯Ø© Ø§Ù„Ù…Ù†Ø¯ÙˆØ¨ÙŠØ© Ø§Ù„Ø¬Ù‡ÙˆÙŠØ© Ù„Ø´Ø¤ÙˆÙ† Ø§Ù„Ù…Ø±Ø£Ø©","Ø§Ù‚ØªÙ†Ø§Ø¡ Ùˆ ØªÙˆØ²ÙŠØ¹ Ù„ÙˆØ§Ø²Ù… Ù…ÙƒØ§ØªØ¨ Ù„ÙØ§Ø¦Ø¯Ø© Ø§Ù„Ù…Ù†Ø¯ÙˆØ¨ÙŠØ© Ø§Ù„Ø¬Ù‡ÙˆÙŠØ© Ù„Ø´Ø¤ÙˆÙ† Ø§Ù„Ù…Ø±Ø£Ø©","Office / IT supplies","Commissariat rÃ©gional de la femme, de la famille et de lâ€™enfance de Nabeul","25/06/2026 11:30","06/07/2026 10:00","French","82%","Related to office or IT procurement based on the consultation wording.","https://www.tuneps.tn/portail/consultations/consultationdetails/337780/S20260606159","Yes"
"S20260605544","Ø§Ø³ØªØ´Ø§Ø±Ø© Ø¹Ø¯Ø¯ 34/2026  Ø§Ù‚ØªÙ†Ø§Ø¡ Ø¬ÙˆØ§Ø¦Ø² Ùˆ Ù…ÙƒØ§ÙØ¢Øª (Ø­ÙˆØ§Ø³ÙŠØ¨ Ù…Ø­Ù…ÙˆÙ„Ø© )Ù„ÙØ§Ø¦Ø¯Ø© Ø§Ù„Ù…ØªÙÙˆÙ‚ÙŠÙ† ÙÙŠ Ø§Ù„Ø§Ù…ØªØ­Ø§Ù†Ø§Øª Ø§Ù„ÙˆØ·Ù†ÙŠØ© Ø¯ÙˆØ±Ø© 2026","Ø§Ø³ØªØ´Ø§Ø±Ø© Ø¹Ø¯Ø¯ 34/2026  Ø§Ù‚ØªÙ†Ø§Ø¡ Ø¬ÙˆØ§Ø¦Ø² Ùˆ Ù…ÙƒØ§ÙØ¢Øª (Ø­ÙˆØ§Ø³ÙŠØ¨ Ù…Ø­Ù…ÙˆÙ„Ø© )Ù„ÙØ§Ø¦Ø¯Ø© Ø§Ù„Ù…ØªÙÙˆÙ‚ÙŠÙ† ÙÙŠ Ø§Ù„Ø§Ù…ØªØ­Ø§Ù†Ø§Øª Ø§Ù„ÙˆØ·Ù†ÙŠØ© Ø¯ÙˆØ±Ø© 2026","Office / IT supplies","Commissariat rÃ©gional de lâ€™Ã©ducation de Zaghouan","22/06/2026 18:36","06/07/2026 10:00","French","82%","Related to office or IT procurement based on the consultation wording.","https://www.tuneps.tn/portail/consultations/consultationdetails/337101/S20260605544","Yes"
"S20260607258","Acquisition des consommables informatique","Acquisition des consommables informatique","IT consumables / computers / accessories","Commune de Grombalia","30/06/2026 15:15","06/07/2026 10:00","French","82%","Contains IT equipment, computer, consumable, or accessory wording.","https://www.tuneps.tn/portail/consultations/consultationdetails/339021/S20260607258","Yes"
"S20260606669","Acquisition de matÃ©riel informatique pour la municipalitÃ© de Ksar Hellal","Acquisition de matÃ©riel informatique pour la municipalitÃ© de Ksar Hellal","Office / IT supplies","Commune de Ksar Hellal","26/06/2026 15:52","06/07/2026 10:00","French","82%","Related to office or IT procurement based on the consultation wording.","https://www.tuneps.tn/portail/consultations/consultationdetails/338345/S20260606669","Yes"
"S20260606795","Acquisition photocopieur multifonction + imprimante","Acquisition photocopieur multifonction + imprimante","Printers / office equipment","Prison de jendouba","29/06/2026 09:43","06/07/2026 10:00","French","95%","Contains printer, photocopier, scanner, multifunction, or document-shredder wording.","https://www.tuneps.tn/portail/consultations/consultationdetails/338484/S20260606795","Yes"
"S20260606959","seringue pour injecteur pour scanner","seringue pour injecteur pour scanner","Printers / office equipment","HÃ´pital RÃ©gional du Kef","29/06/2026 15:18","06/07/2026 11:00","French","90%","Contains printer, photocopier, scanner, multifunction, or document-shredder wording.","https://www.tuneps.tn/portail/consultations/consultationdetails/338678/S20260606959","Yes"
"S20260605979","Acquisition d'encre pour machines Ã  imprimer","Acquisition d'encre pour machines Ã  imprimer","Toners and ink cartridges","Commissariat rÃ©gional des affaires culturelles de monastir","24/06/2026 14:25","06/07/2026 11:00","French","82%","Contains toner, cartridge, or ink wording.","https://www.tuneps.tn/portail/consultations/consultationdetails/337583/S20260605979","Yes"
"S20260605083","Acquisition Ã©quipements informatiques","Acquisition Ã©quipements informatiques","Office / IT supplies","FacultÃ© des Sciences de Sfax","19/06/2026 16:13","06/07/2026 11:00","French","82%","Related to office or IT procurement based on the consultation wording.","https://www.tuneps.tn/portail/consultations/consultationdetails/336579/S20260605083","Yes"
"S20260605898","Ø¥Ù‚ØªÙ†Ø§Ø¡ Ù…ÙˆØ§Ø¯ Ø¥Ø¹Ù„Ø§Ù…ÙŠØ©","Ø¥Ù‚ØªÙ†Ø§Ø¡ Ù…ÙˆØ§Ø¯ Ø¥Ø¹Ù„Ø§Ù…ÙŠØ©","Office / IT supplies","Centre militaire de formation professionnelle de BÃ©ja","24/06/2026 10:50","06/07/2026 11:02","French","82%","Related to office or IT procurement based on the consultation wording.","https://www.tuneps.tn/portail/consultations/consultationdetails/337495/S20260605898","Yes"
"S20260700224","consultation matÃ©riel informatique","consultation matÃ©riel informatique","Office / IT supplies","Centre de reeducation des enfants mineurs sidi el hani","01/07/2026 13:17","07/07/2026 08:00","French","82%","Related to office or IT procurement based on the consultation wording.","https://www.tuneps.tn/portail/consultations/consultationdetails/339342/S20260700224","Yes"
"S20260606418","Acquisition cartouches","Acquisition cartouches","Toners and ink cartridges","Agence Nationale pour lâ€™Emploi et le Travail IndÃ©pendant","25/06/2026 16:46","07/07/2026 09:00","French","95%","Contains toner, cartridge, or ink wording.","https://www.tuneps.tn/portail/consultations/consultationdetails/338062/S20260606418","Yes"
"S20260606649","destructeur documents de 30 L","destructeur documents de 30 L","Printers / office equipment","Ecole des sous-officiers","26/06/2026 15:17","07/07/2026 09:30","French","82%","Contains printer, photocopier, scanner, multifunction, or document-shredder wording.","https://www.tuneps.tn/portail/consultations/consultationdetails/338319/S20260606649","Yes"
"S20260606901","Achat Imprimante 3D professionnelle aux profit Projet ENIS","Achat Imprimante 3D professionnelle aux profit Projet ENIS","Printers / office equipment","Ecole Nationale dâ€™IngÃ©nieurs de Sfax","29/06/2026 12:28","07/07/2026 10:00","French","95%","Contains printer, photocopier, scanner, multifunction, or document-shredder wording.","https://www.tuneps.tn/portail/consultations/consultationdetails/338602/S20260606901","Yes"
"S20260700070","consultation de Scanner professionnel de documents Ã  dÃ©filement (Sheet-fed)","consultation de Scanner professionnel de documents Ã  dÃ©filement (Sheet-fed)","Printers / office equipment","Prison civile de Nadhour","01/07/2026 09:49","07/07/2026 10:00","French","90%","Contains printer, photocopier, scanner, multifunction, or document-shredder wording.","https://www.tuneps.tn/portail/consultations/consultationdetails/339158/S20260700070","Yes"
"S20260605320","acquisition de matÃ©riel informatique au profit de la commune de Mjez El Beb","acquisition de matÃ©riel informatique au profit de la commune de Mjez El Beb","Office / IT supplies","Commune de Medjez el-Bab","22/06/2026 12:12","07/07/2026 10:00","French","82%","Related to office or IT procurement based on the consultation wording.","https://www.tuneps.tn/portail/consultations/consultationdetails/336851/S20260605320","Yes"
"S20260604260","Achat matÃ©riel informatique pour l'annÃ©e 2026","Achat matÃ©riel informatique pour l'annÃ©e 2026","Office / IT supplies","Direction RÃ©gionale de lâ€™Equipement, de lâ€™Habitat et de lâ€™AmÃ©nagement du Territoire de Mahdia","17/06/2026 12:42","07/07/2026 10:00","French","82%","Related to office or IT procurement based on the consultation wording.","https://www.tuneps.tn/portail/consultations/consultationdetails/335555/S20260604260","Yes"
"S20260605534","AQUISITION DE MATERIEL INFORMATIQUE 2026","AQUISITION DE MATERIEL INFORMATIQUE 2026","IT consumables / computers / accessories","Commune El Hencha","22/06/2026 16:59","07/07/2026 10:00","French","95%","Contains IT equipment, computer, consumable, or accessory wording.","https://www.tuneps.tn/portail/consultations/consultationdetails/337087/S20260605534","Yes"
"S20260605787","Ø¥Ù‚ØªÙ†Ø§Ø¡ Ù…Ø¹Ø¯Ø§Øª Ø¥Ø¹Ù„Ø§Ù…ÙŠØ©","Ø¥Ù‚ØªÙ†Ø§Ø¡ Ù…Ø¹Ø¯Ø§Øª Ø¥Ø¹Ù„Ø§Ù…ÙŠØ©","Office / IT supplies","Office des Fermes Militaires","23/06/2026 15:18","07/07/2026 20:00","French","82%","Related to office or IT procurement based on the consultation wording.","https://www.tuneps.tn/portail/consultations/consultationdetails/337370/S20260605787","Yes"
"S20260606794","Acquisition MatÃ©riel et Accessoires Informatique","Acquisition MatÃ©riel et Accessoires Informatique","IT consumables / computers / accessories","HÃ´pital RÃ©gional DE KHEIREDDINE","29/06/2026 09:44","08/07/2026 09:00","French","82%","Contains IT equipment, computer, consumable, or accessory wording.","https://www.tuneps.tn/portail/consultations/consultationdetails/338486/S20260606794","Yes"
"S20260605665","acquisition matÃ©riels informatique (ficol2)","acquisition matÃ©riels informatique (ficol2)","Office / IT supplies","Commune de Menzel Bourguiba","23/06/2026 11:10","08/07/2026 09:30","French","82%","Related to office or IT procurement based on the consultation wording.","https://www.tuneps.tn/portail/consultations/consultationdetails/337238/S20260605665","Yes"
"S20260606009","con45/2026:Acquisition  de photocopieurs multifonction","con45/2026: Acquisition of multifunction photocopiers","Printers / office equipment","Commissariat RÃ©gional au DÃ©veloppement Agricole dâ€™El Kef","24/06/2026 16:03","08/07/2026 10:00","French","95%","Contains printer, photocopier, scanner, multifunction, or document-shredder wording.","https://www.tuneps.tn/portail/consultations/consultationdetails/337615/S20260606009","Yes"
"S20260700072","achat d'un Ã©cran d'ordinateur HP 27 pouces","achat d'un Ã©cran d'ordinateur HP 27 pouces","IT consumables / computers / accessories","FacultÃ© de Pharmacie de Monastir","01/07/2026 10:21","08/07/2026 10:00","French","95%","Contains IT equipment, computer, consumable, or accessory wording.","https://www.tuneps.tn/portail/consultations/consultationdetails/339160/S20260700072","Yes"
"S20260700281","Ø¥Ù‚ØªÙ†Ø§Ø¡ Ø­Ø¨Ø± Ø¥Ø¹Ù„Ø§Ù…ÙŠØ©","Ø¥Ù‚ØªÙ†Ø§Ø¡ Ø­Ø¨Ø± Ø¥Ø¹Ù„Ø§Ù…ÙŠØ©","Office / IT supplies","Prison civile de Nadhour","01/07/2026 14:40","08/07/2026 10:00","French","82%","Related to office or IT procurement based on the consultation wording.","https://www.tuneps.tn/portail/consultations/consultationdetails/339405/S20260700281","Yes"
"S20260606841","Ø§Ù‚ØªÙ†Ø§Ø¡ Ù…ÙˆØ§Ø¯ Ù…ÙƒØªØ¨ÙŠØ©","Ø§Ù‚ØªÙ†Ø§Ø¡ Ù…ÙˆØ§Ø¯ Ù…ÙƒØªØ¨ÙŠØ©","Office / IT supplies","Ecole de formation multidisciplinaire de la garde nationale de Mornaguia","29/06/2026 11:40","08/07/2026 10:00","French","82%","Related to office or IT procurement based on the consultation wording.","https://www.tuneps.tn/portail/consultations/consultationdetails/338538/S20260606841","Yes"
"S20260605868","consultation d'acquisation du materiels informatique de la part commune ennour sfax 2026","consultation d'acquisation du materiels informatique de la part commune ennour sfax 2026","IT consumables / computers / accessories","Commune El Achech Boujarbouea El Aouadna Majel Edraj","24/06/2026 10:03","08/07/2026 10:00","French","95%","Contains IT equipment, computer, consumable, or accessory wording.","https://www.tuneps.tn/portail/consultations/consultationdetails/337461/S20260605868","Yes"
"S20260602698","acquisition materiel informatique et accessoires informatiques","acquisition materiel informatique et accessoire informatique","IT consumables / computers / accessories","Direction rÃ©gionale de lâ€™Equipement, de lâ€™Habitat et de lâ€™AmÃ©nagement du Territoire dâ€™El Kef","10/06/2026 08:07","08/07/2026 10:00","French","95%","Contains IT equipment, computer, consumable, or accessory wording.","https://www.tuneps.tn/portail/consultations/consultationdetails/333788/S20260602698","Yes"
"S20260604583","Acquisition ordinateurs portables et des tablettes","Acquisition ordinateurs portables et des tablettes","IT consumables / computers / accessories","MinistÃ¨re des Affaires de la Femme et de la Famille","18/06/2026 12:53","08/07/2026 10:00","French","95%","Contains IT equipment, computer, consumable, or accessory wording.","https://www.tuneps.tn/portail/consultations/consultationdetails/336007/S20260604583","Yes"
"S20260602270","ACQUISITION Dâ€™EQUIPEMENTS INFORMATIQUES (08 PC portables, 05 Imprimantes multifonction)","ACQUISITION Dâ€™EQUIPEMENTS INFORMATIQUES (08 PC portables, 05 Imprimantes multifonction)","Printers / office equipment","Centre National des sciences et Technologies nuclÃ©aires","08/06/2026 15:32","08/07/2026 10:00","French","95%","Contains printer, photocopier, scanner, multifunction, or document-shredder wording.","https://www.tuneps.tn/portail/consultations/consultationdetails/333284/S20260602270","Yes"
"S20260700079","ACQUISITION TONERS NOIRS POUR IMPRIMANTES LASERS MULTIFONCTIONS","ACQUISITION TONERS NOIRS POUR IMPRIMANTES LASERS MULTIFONCTIONS","Toners and ink cartridges","SociÃ©tÃ© Tunisienne dâ€™ElectricitÃ© et de Gaz","01/07/2026 10:08","09/07/2026 08:00","French","95%","Contains toner, cartridge, or ink wording.","https://www.tuneps.tn/portail/consultations/consultationdetails/339168/S20260700079","Yes"
"S20260700077","ACQUISITION TONERS NOIRS POUR IMPRIMANTES LASERS","ACQUISITION TONERS NOIRS POUR IMPRIMANTES LASERS","Toners and ink cartridges","SociÃ©tÃ© Tunisienne dâ€™ElectricitÃ© et de Gaz","01/07/2026 10:05","09/07/2026 08:00","French","95%","Contains toner, cartridge, or ink wording.","https://www.tuneps.tn/portail/consultations/consultationdetails/339165/S20260700077","Yes"
"S20260604183","Acquisition de Toner & tambours pour fax","Acquisition de Toner & tambours pour fax","Toners and ink cartridges","SociÃ©tÃ© Tunisienne dâ€™ElectricitÃ© et de Gaz","17/06/2026 10:24","09/07/2026 09:00","French","95%","Contains toner, cartridge, or ink wording.","https://www.tuneps.tn/portail/consultations/consultationdetails/335472/S20260604183","Yes"
"S20260606320","Acquisition de deux PC Portables","Acquisition de deux PC Portables","IT consumables / computers / accessories","Centre dâ€™Etudes et de Recherche des TÃ©lÃ©communications","25/06/2026 14:35","09/07/2026 09:00","French","95%","Contains IT equipment, computer, consumable, or accessory wording.","https://www.tuneps.tn/portail/consultations/consultationdetails/337955/S20260606320","Yes"
"S20260606155","Ø¥Ù‚ØªÙ†Ø§Ø¡ ØªØ¬Ù‡ÙŠØ²Ø§Øª Ù„ÙØ§Ø¦Ø¯Ø© Ø§Ù„Ù…Ø¨ÙŠØªØ§Øª Ø§Ù„Ù…Ø¯Ø±Ø³ÙŠØ© Ø§Ù„Ø±Ø§Ø¬Ø¹Ø© Ø¨Ø§Ù„Ù†Ø¸Ø± Ù„Ù„Ù…Ù†Ø¯ÙˆØ¨ÙŠØ© Ø§Ù„Ø¬Ù‡ÙˆÙŠØ© Ù„Ù„ØªØ±Ø¨ÙŠØ© Ø¨ØªÙˆØ²Ø±","Ø¥Ù‚ØªÙ†Ø§Ø¡ ØªØ¬Ù‡ÙŠØ²Ø§Øª Ù„ÙØ§Ø¦Ø¯Ø© Ø§Ù„Ù…Ø¨ÙŠØªØ§Øª Ø§Ù„Ù…Ø¯Ø±Ø³ÙŠØ© Ø§Ù„Ø±Ø§Ø¬Ø¹Ø© Ø¨Ø§Ù„Ù†Ø¸Ø± Ù„Ù„Ù…Ù†Ø¯ÙˆØ¨ÙŠØ© Ø§Ù„Ø¬Ù‡ÙˆÙŠØ© Ù„Ù„ØªØ±Ø¨ÙŠØ© Ø¨ØªÙˆØ²Ø±","Office / IT supplies","Commissariat rÃ©gional de lâ€™Ã©ducation de Tozeur","25/06/2026 11:21","09/07/2026 10:00","French","82%","Related to office or IT procurement based on the consultation wording.","https://www.tuneps.tn/portail/consultations/consultationdetails/337776/S20260606155","Yes"
"S20260606126","Ø§Ù‚ØªÙ†Ø§Ø¡ Ù…ÙˆØ§Ø¯ Ù…ÙƒØªØ¨ÙŠØ© Ùˆ Ù„ÙˆØ§Ø²Ù… Ø¥Ø¹Ù„Ø§Ù…ÙŠØ©","Ø§Ù‚ØªÙ†Ø§Ø¡ Ù…ÙˆØ§Ø¯ Ù…ÙƒØªØ¨ÙŠØ© Ùˆ Ù„ÙˆØ§Ø²Ù… Ø¥Ø¹Ù„Ø§Ù…ÙŠØ©","Office / IT supplies","Commune de TÃ©boursouk","25/06/2026 10:45","09/07/2026 10:00","French","82%","Related to office or IT procurement based on the consultation wording.","https://www.tuneps.tn/portail/consultations/consultationdetails/337747/S20260606126","Yes"
"S20260511855","Aquisition de matÃ©riels informatique au profit de l'Ecole nationale supÃ©rieure d'IngÃ©nieurs de Tunis","Aquisition de matÃ©riels informatique au profit de l'Ecole nationale supÃ©rieure d'IngÃ©nieurs de Tunis","Office / IT supplies","Ecole Nationale SupÃ©rieure dâ€™IngÃ©nieurs de Tunis","26/05/2026 11:35","09/07/2026 10:00","French","82%","Related to office or IT procurement based on the consultation wording.","https://www.tuneps.tn/portail/consultations/consultationdetails/330319/S20260511855","Yes"
"S20260607063","Ø§Ù‚ØªÙ†Ø§Ø¡ Ø­Ø¨Ø±  ÙˆÙ…Ø³ØªÙ„Ø²Ù…Ø§Øª Ø¥Ø¹Ù„Ø§Ù…ÙŠØ©ØŒ Ù…Ø¹Ø¯Ø§Øª Ø¥Ø¹Ù„Ø§Ù…ÙŠØ© ÙˆÙ…Ø¹Ø¯Ø§Øª ØªØ¯Ø±ÙŠØ³ØŒ Ù„ÙˆØ§Ø²Ù… Ø§Ù„Ù…ÙƒØ§ØªØ¨ Ùˆ Ø£ÙˆØ±Ø§Ù‚ Ø·Ø¨Ø§Ø¹Ø© Ùˆ ÙƒØªØ§Ø¨Ø© Ùˆ ØªØºÙ„ÙŠÙ   Ù„ÙØ§Ø¦Ø¯Ø© Ø§Ù„Ù…Ø¹Ù‡Ø¯ Ø§Ù„Ø¹Ø§Ù„ÙŠ Ù„Ù„Ø¯Ø±Ø§Ø³Ø§Øª Ø§Ù„ØªÙƒÙ†ÙˆÙ„ÙˆØ¬ÙŠØ© Ø¨Ù†Ø§Ø¨Ù„","Ø§Ù‚ØªÙ†Ø§Ø¡ Ø­Ø¨Ø±  ÙˆÙ…Ø³ØªÙ„Ø²Ù…Ø§Øª Ø¥Ø¹Ù„Ø§Ù…ÙŠØ©ØŒ Ù…Ø¹Ø¯Ø§Øª Ø¥Ø¹Ù„Ø§Ù…ÙŠØ© ÙˆÙ…Ø¹Ø¯Ø§Øª ØªØ¯Ø±ÙŠØ³ØŒ Ù„ÙˆØ§Ø²Ù… Ø§Ù„Ù…ÙƒØ§ØªØ¨ Ùˆ Ø£ÙˆØ±Ø§Ù‚ Ø·Ø¨Ø§Ø¹Ø© Ùˆ ÙƒØªØ§Ø¨Ø© Ùˆ ØªØºÙ„ÙŠÙ   Ù„ÙØ§Ø¦Ø¯Ø© Ø§Ù„Ù…Ø¹Ù‡Ø¯ Ø§Ù„Ø¹Ø§Ù„ÙŠ Ù„Ù„Ø¯Ø±Ø§Ø³Ø§Øª Ø§Ù„ØªÙƒÙ†ÙˆÙ„ÙˆØ¬ÙŠØ© Ø¨Ù†Ø§Ø¨Ù„","Office / IT supplies","Institut SupÃ©rieur des Etudes Technologiques de Nabeul","29/06/2026 21:24","09/07/2026 12:00","French","82%","Related to office or IT procurement based on the consultation wording.","https://www.tuneps.tn/portail/consultations/consultationdetails/338791/S20260607063","Yes"
"S20260603932","achat materiel infiormatique et audiovisuel","achat materiel informatique et audiovisuel","IT consumables / computers / accessories","Institut de Presse et des Sciences de lâ€™Information","15/06/2026 12:58","09/07/2026 13:00","French","95%","Contains IT equipment, computer, consumable, or accessory wording.","https://www.tuneps.tn/portail/consultations/consultationdetails/335207/S20260603932","Yes"
"S20260606367","Consultation pour acquisition de matÃ©riels et fournitures informatiques  et encre pour imprimantes et photocopieurs au profil de l'ISLN","Acquisition of media equipment and supplies, and ink for printing and copying machines","Toners and ink cartridges","Institut SupÃ©rieur des Langues AppliquÃ©es et d'Informatique de Nabeul","25/06/2026 14:51","10/07/2026 09:00","French","95%","Contains toner, cartridge, or ink wording.","https://www.tuneps.tn/portail/consultations/consultationdetails/338002/S20260606367","No"
"S20260700255","acquisitition des ordinateurs et des imprimantes","acquisitition des ordinateurs et des imprimantes","Printers / office equipment","Ecole caporaux kondar","01/07/2026 13:58","10/07/2026 09:15","French","95%","Contains printer, photocopier, scanner, multifunction, or document-shredder wording.","https://www.tuneps.tn/portail/consultations/consultationdetails/339375/S20260700255","No"
"S20260604942","Ø¥Ù‚ØªÙ†Ø§Ø¡ Ù„ÙˆØ§Ø²Ù… Ù…ÙƒØªØ¨ÙŠØ© ÙˆØ¥Ø¹Ù„Ø§Ù…ÙŠØ© Ù„ÙØ§Ø¦Ø¯Ø© Ø¨Ù„Ø¯ÙŠØ© ØªØ³Ù†ÙˆØ± Ù„Ø³Ù†Ø© 2026","Ø¥Ù‚ØªÙ†Ø§Ø¡ Ù„ÙˆØ§Ø²Ù… Ù…ÙƒØªØ¨ÙŠØ© ÙˆØ¥Ø¹Ù„Ø§Ù…ÙŠØ© Ù„ÙØ§Ø¦Ø¯Ø© Ø¨Ù„Ø¯ÙŠØ© ØªØ³Ù†ÙˆØ± Ù„Ø³Ù†Ø© 2026","Office / IT supplies","Commune de Testour","19/06/2026 11:28","10/07/2026 10:00","French","82%","Related to office or IT procurement based on the consultation wording.","https://www.tuneps.tn/portail/consultations/consultationdetails/336418/S20260604942","No"
"S20260700152","acquisition consommable informatique  pour la 2 Ã©me fois","acquisition consommable informatique  pour la 2 Ã©me fois","IT consumables / computers / accessories","Office des Logements des Magistrats et des Personnels du MinistÃ¨re de la Justice","01/07/2026 11:30","10/07/2026 10:00","French","82%","Contains IT equipment, computer, consumable, or accessory wording.","https://www.tuneps.tn/portail/consultations/consultationdetails/339255/S20260700152","No"
"S20260606774","acquisation des materiels informatiques","acquisation des materiels informatiques","IT consumables / computers / accessories","Commune El Hchachna","29/06/2026 08:32","10/07/2026 10:00","French","95%","Contains IT equipment, computer, consumable, or accessory wording.","https://www.tuneps.tn/portail/consultations/consultationdetails/338463/S20260606774","No"
"S20260605057","Ø¥Ù‚ØªÙ†Ø§Ø¡ Ù…Ø¹Ø¯Ø§Øª Ø¥Ø¹Ù„Ø§Ù…ÙŠØ© Ù„ÙØ§Ø¦Ø¯Ø© Ø¨Ù„Ø¯ÙŠØ© ØªØ³ØªÙˆØ± Ù„Ø³Ù†Ø© 2026","Ø¥Ù‚ØªÙ†Ø§Ø¡ Ù…Ø¹Ø¯Ø§Øª Ø¥Ø¹Ù„Ø§Ù…ÙŠØ© Ù„ÙØ§Ø¦Ø¯Ø© Ø¨Ù„Ø¯ÙŠØ© ØªØ³ØªÙˆØ± Ù„Ø³Ù†Ø© 2026","Office / IT supplies","Commune de Testour","19/06/2026 15:44","10/07/2026 11:00","French","82%","Related to office or IT procurement based on the consultation wording.","https://www.tuneps.tn/portail/consultations/consultationdetails/336552/S20260605057","No"
"S20260700040","ACQUISITION TONERS POUR IMPRIMANTES DE PRODUCTION VP140","ACQUISITION TONERS POUR IMPRIMANTES DE PRODUCTION VP140","Toners and ink cartridges","SociÃ©tÃ© Tunisienne dâ€™ElectricitÃ© et de Gaz","01/07/2026 09:35","13/07/2026 08:00","French","95%","Contains toner, cartridge, or ink wording.","https://www.tuneps.tn/portail/consultations/consultationdetails/339125/S20260700040","No"
"S20260605877","Acquisition de fournitures pour la maintenance des Ã©quipements informatiquesî–î€»îƒîƒ»îƒ¹î„","Procurement of Supplies for the Maintenance of IT Equipment","Office / IT supplies","Commune de Teboulba","24/06/2026 10:22","13/07/2026 08:10","French","90%","Related to office or IT procurement based on the consultation wording.","https://www.tuneps.tn/portail/consultations/consultationdetails/337473/S20260605877","No"
"S20260700376","Imprimante thermique","Thermal printing machine","Printers / office equipment","Direction RÃ©gionale des affaires sociales de Sfax","02/07/2026 10:53","13/07/2026 08:15","French","95%","Contains printer, photocopier, scanner, multifunction, or document-shredder wording.","https://www.tuneps.tn/portail/consultations/consultationdetails/339501/S20260700376","No"
"S20260604577","Acquisition de matÃ©riel mÃ©dia","Acquisition of media equipment","Office / IT supplies","Commune de Douar Hicher","18/06/2026 12:28","13/07/2026 08:30","French","82%","Related to office or IT procurement based on the consultation wording.","https://www.tuneps.tn/portail/consultations/consultationdetails/335980/S20260604577","No"
"S20260607200","Achat cartouches pour imprimantes","Achat cartouches pour imprimantes","Toners and ink cartridges","FacultÃ© de MÃ©decine de Monastir","30/06/2026 12:55","13/07/2026 09:00","French","95%","Contains toner, cartridge, or ink wording.","https://www.tuneps.tn/portail/consultations/consultationdetails/338956/S20260607200","No"
"S20260607148","lâ€™acquisition et la mise en place de matÃ©riel informatique et divers accessoires","lâ€™acquisition et la mise en place de matÃ©riel informatique et divers accessoires","Office / IT supplies","Agence Nationale pour la MaÃ®trise de lâ€™Energie","30/06/2026 11:36","13/07/2026 10:00","French","82%","Related to office or IT procurement based on the consultation wording.","https://www.tuneps.tn/portail/consultations/consultationdetails/338886/S20260607148","No"
"S20260605713","Acquisition PC Portable","Acquisition PC Portable","IT consumables / computers / accessories","Commissariat rÃ©gional de lâ€™Ã©ducation de Sousse","23/06/2026 12:31","13/07/2026 10:00","French","95%","Contains IT equipment, computer, consumable, or accessory wording.","https://www.tuneps.tn/portail/consultations/consultationdetails/337290/S20260605713","No"
"S20260606492","Ø§Ù‚ØªÙ†Ø§Ø¡ Ù…ÙˆØ§Ø¯ Ù…ÙƒØªØ¨ÙŠØ© Ù…Ø®ØªÙ„ÙØ©","Ø§Ù‚ØªÙ†Ø§Ø¡ Ù…ÙˆØ§Ø¯ Ù…ÙƒØªØ¨ÙŠØ© Ù…Ø®ØªÙ„ÙØ©","Office / IT supplies","Commissariat RÃ©gional au DÃ©veloppement Agricole de Siliana","26/06/2026 10:01","13/07/2026 10:00","French","82%","Related to office or IT procurement based on the consultation wording.","https://www.tuneps.tn/portail/consultations/consultationdetails/338143/S20260606492","No"
"S20260606988","Consultation pour l'acquisition de MatÃ©riel Informatique 2026","Consultation pour l'acquisition de MatÃ©riel Informatique 2026","Office / IT supplies","SociÃ©tÃ© RÃ©gionale de Transport Gouvernorat de GabÃ¨s","29/06/2026 16:05","13/07/2026 10:00","French","82%","Related to office or IT procurement based on the consultation wording.","https://www.tuneps.tn/portail/consultations/consultationdetails/338711/S20260606988","No"
"S20260700403","Achat MatÃ©riels informatique","Achat MatÃ©riels informatique","Office / IT supplies","HÃ´pital Sahloul de Sousse","02/07/2026 11:27","13/07/2026 10:00","French","82%","Related to office or IT procurement based on the consultation wording.","https://www.tuneps.tn/portail/consultations/consultationdetails/339528/S20260700403","No"
"S20260606127","Acquisition matÃ©riel informatique","Acquisition matÃ©riel informatique","Office / IT supplies","Commune de Makthar","25/06/2026 10:46","13/07/2026 10:00","French","82%","Related to office or IT procurement based on the consultation wording.","https://www.tuneps.tn/portail/consultations/consultationdetails/337748/S20260606127","No"
"S20260700311","Acquisition de matÃ©riel informatique pour l'annÃ©e 2026","Acquisition de matÃ©riel informatique pour l'annÃ©e 2026","Office / IT supplies","GROUPEMENT DE SANTE DE BASE DE Lâ€™ARIANA","02/07/2026 09:11","13/07/2026 10:00","French","82%","Related to office or IT procurement based on the consultation wording.","https://www.tuneps.tn/portail/consultations/consultationdetails/339436/S20260700311","No"
"S20260602733","Acquisition des Balances avec imprimantes compatibles","Acquisition des Balances avec imprimantes compatibles","Printers / office equipment","SociÃ©tÃ© des Industries Pharmceutiques de Tunisie","10/06/2026 10:07","13/07/2026 12:00","French","95%","Contains printer, photocopier, scanner, multifunction, or document-shredder wording.","https://www.tuneps.tn/portail/consultations/consultationdetails/333826/S20260602733","No"
"S20260605904","Acquisition de matÃ©riel informatique","Acquisition de matÃ©riel informatique","Office / IT supplies","Centre Technique des Industries MÃ©caniques et Electriques","24/06/2026 11:08","13/07/2026 13:00","French","82%","Related to office or IT procurement based on the consultation wording.","https://www.tuneps.tn/portail/consultations/consultationdetails/337501/S20260605904","No"
"S20260605536","Ø§Ù‚ØªÙ†Ø§Ø¡ Ù…ÙˆØ§Ø¯ Ù…ÙƒØªØ¨ÙŠØ©","Ø§Ù‚ØªÙ†Ø§Ø¡ Ù…ÙˆØ§Ø¯ Ù…ÙƒØªØ¨ÙŠØ©","Office / IT supplies","Ø¨Ù„Ø¯ÙŠØ© Ø²Ø±Ù…Ø¯ÙŠÙ†","22/06/2026 17:04","14/07/2026 10:00","French","82%","Related to office or IT procurement based on the consultation wording.","https://www.tuneps.tn/portail/consultations/consultationdetails/337090/S20260605536","No"
"S20260700247","Acquisition de Fourniture Informatique et Divers Accessoires Audio-Visuels.","Acquisition de Fourniture Informatique et Divers Accessoires Audio-Visuels.","Office / IT supplies","Office National de la Famille et de la Population","01/07/2026 13:52","14/07/2026 10:00","French","90%","Related to office or IT procurement based on the consultation wording.","https://www.tuneps.tn/portail/consultations/consultationdetails/339367/S20260700247","No"
"S20260700197","Ø¥Ù‚ØªÙ†Ø§Ø¡ Ù…Ø¹Ø¯Ø§Øª Ø¥Ø¹Ù„Ø§Ù…ÙŠØ©","Ø¥Ù‚ØªÙ†Ø§Ø¡ Ù…Ø¹Ø¯Ø§Øª Ø¥Ø¹Ù„Ø§Ù…ÙŠØ©","Office / IT supplies","Commissariat rÃ©gional des affaires de la femme et de la famille Ã  Kef","01/07/2026 12:44","14/07/2026 11:00","French","82%","Related to office or IT procurement based on the consultation wording.","https://www.tuneps.tn/portail/consultations/consultationdetails/339309/S20260700197","No"
"S20260607274","consultation acquisition materiel informatique","consultation acquisition materiel informatique","IT consumables / computers / accessories","Commune de Rades","30/06/2026 16:04","14/07/2026 11:00","French","95%","Contains IT equipment, computer, consumable, or accessory wording.","https://www.tuneps.tn/portail/consultations/consultationdetails/339039/S20260607274","No"
"S20260605964","ACQUISITION DE MATERIEL INFORMATIQUE","ACQUISITION DE MATERIEL INFORMATIQUE","IT consumables / computers / accessories","Commune de KÃ©libia","24/06/2026 14:00","14/07/2026 14:00","French","95%","Contains IT equipment, computer, consumable, or accessory wording.","https://www.tuneps.tn/portail/consultations/consultationdetails/337567/S20260605964","No"
"S20260607146","achat matÃ©riels informatique","achat matÃ©riels informatique","Office / IT supplies","Institut SupÃ©rieur des Etudes Technologiques de Zaghouan","30/06/2026 11:34","14/07/2026 14:30","French","82%","Related to office or IT procurement based on the consultation wording.","https://www.tuneps.tn/portail/consultations/consultationdetails/338884/S20260607146","No"
"S20260700145","Acquisition, Installation et  Mise en service du matÃ©riel informatique pour  Lâ€™EPS LA RABTA","Acquisition, Installation et  Mise en service du matÃ©riel informatique pour  Lâ€™EPS LA RABTA","Office / IT supplies","HÃ´pital La Rabta de Tunis","01/07/2026 11:15","15/07/2026 09:00","French","82%","Related to office or IT procurement based on the consultation wording.","https://www.tuneps.tn/portail/consultations/consultationdetails/339248/S20260700145","No"
"S20260700227","Ø§Ù‚ØªÙ†Ø§Ø¡ ØªØ¬Ù‡ÙŠØ²Ø§Øª Ø¥Ø¹Ù„Ø§Ù…ÙŠØ© Ù„Ù„Ù…Ø³ØªØ´ÙÙ‰ Ø§Ù„Ù…Ø­Ù„ÙŠ Ø¨Ø­Ø²ÙˆØ© Ù„Ø³Ù†Ø©  2026","Ø§Ù‚ØªÙ†Ø§Ø¡ ØªØ¬Ù‡ÙŠØ²Ø§Øª Ø¥Ø¹Ù„Ø§Ù…ÙŠØ© Ù„Ù„Ù…Ø³ØªØ´ÙÙ‰ Ø§Ù„Ù…Ø­Ù„ÙŠ Ø¨Ø­Ø²ÙˆØ© Ù„Ø³Ù†Ø©  2026","Office / IT supplies","Direction rÃ©gionale de la santÃ© Tozeur","01/07/2026 13:23","15/07/2026 10:00","French","82%","Related to office or IT procurement based on the consultation wording.","https://www.tuneps.tn/portail/consultations/consultationdetails/339346/S20260700227","No"
"S20260607163","Ø§Ø³ØªØ´Ø§Ø±Ø© Ø¹Ø¯Ø¯ 02/2026 Ù„Ø§Ù‚ØªÙ†Ø§Ø¡ Ù…Ø¹Ø¯Ø§Øª Ø¥Ø¹Ù„Ø§Ù…ÙŠØ©","Ø§Ø³ØªØ´Ø§Ø±Ø© Ø¹Ø¯Ø¯ 02/2026 Ù„Ø§Ù‚ØªÙ†Ø§Ø¡ Ù…Ø¹Ø¯Ø§Øª Ø¥Ø¹Ù„Ø§Ù…ÙŠØ©","Office / IT supplies","Commissariat rÃ©gional de la jeunesse et des sports du kef","30/06/2026 12:02","15/07/2026 10:00","French","82%","Related to office or IT procurement based on the consultation wording.","https://www.tuneps.tn/portail/consultations/consultationdetails/338911/S20260607163","No"
"S20260606104","Acquisition des consommables informatiques et consommables pour imprimantes pour la direction gÃ©nÃ©rale des douanes","Acquisition des consommables informatiques et consommables pour imprimantes pour la direction gÃ©nÃ©rale des douanes","Printers / office equipment","Direction GÃ©nÃ©rale de la Douane","25/06/2026 10:18","15/07/2026 10:00","French","95%","Contains printer, photocopier, scanner, multifunction, or document-shredder wording.","https://www.tuneps.tn/portail/consultations/consultationdetails/337722/S20260606104","No"
"S20260605531","acquisition de matÃ©riels inoramatique","acquisition de matÃ©riels inoramatique","Office / IT supplies","Office des Logements des personnels du MinistÃ¨re des Finances","22/06/2026 16:57","15/07/2026 10:30","French","82%","Related to office or IT procurement based on the consultation wording.","https://www.tuneps.tn/portail/consultations/consultationdetails/337085/S20260605531","No"
"S20260604094","acquisition de materiel informatique","..........................","IT consumables / computers / accessories","Commune Sidi Alouane","16/06/2026 10:19","15/07/2026 12:00","French","95%","Contains IT equipment, computer, consumable, or accessory wording.","https://www.tuneps.tn/portail/consultations/consultationdetails/335381/S20260604094","No"
"S20260700213","Ø§Ù‚ØªÙ†Ø§Ø¡ Ù„ÙˆØ§Ø²Ù… Ùˆ ÙƒØªØ¨ Ù…Ø¯Ø±Ø³ÙŠØ© Ù„ÙØ§Ø¦Ø¯Ø© Ø§Ù„Ø£Ø·ÙØ§Ù„ Ù…ÙƒÙÙˆÙ„ÙŠ Ø§Ù„Ø¯ÙˆÙ„Ø© Ø¨Ù…Ø±ÙƒØ¨Ø§Øª Ø§Ù„Ø·ÙÙˆÙ„Ø© Ø¨ÙˆÙ„Ø§ÙŠØ© Ù‚Ø§Ø¨Ø³ 2026","Ø§Ù‚ØªÙ†Ø§Ø¡ Ù„ÙˆØ§Ø²Ù… Ùˆ ÙƒØªØ¨ Ù…Ø¯Ø±Ø³ÙŠØ© Ù„ÙØ§Ø¦Ø¯Ø© Ø§Ù„Ø£Ø·ÙØ§Ù„ Ù…ÙƒÙÙˆÙ„ÙŠ Ø§Ù„Ø¯ÙˆÙ„Ø© Ø¨Ù…Ø±ÙƒØ¨Ø§Øª Ø§Ù„Ø·ÙÙˆÙ„Ø© Ø¨ÙˆÙ„Ø§ÙŠØ© Ù‚Ø§Ø¨Ø³ 2026","Office / IT supplies","Commissariat rÃ©gionale des affaires de la femme et de la famille Gabes","01/07/2026 13:10","16/07/2026 00:00","French","82%","Related to office or IT procurement based on the consultation wording.","https://www.tuneps.tn/portail/consultations/consultationdetails/339334/S20260700213","No"
"S20260604754","acquisition des imprimÃ©s administratifs","acquisition des imprimÃ©s administratifs","Office / IT supplies","Pharmacie Centrale de Tunisie","18/06/2026 15:39","16/07/2026 09:00","French","82%","Related to office or IT procurement based on the consultation wording.","https://www.tuneps.tn/portail/consultations/consultationdetails/336207/S20260604754","No"
"S20260606411","ACQUISITIONDE MATERIEL INFORMATIQUE","ACQUISITIONDE MATERIEL INFORMATIQUE","IT consumables / computers / accessories","Commune de Chebika","25/06/2026 15:53","16/07/2026 09:00","French","95%","Contains IT equipment, computer, consumable, or accessory wording.","https://www.tuneps.tn/portail/consultations/consultationdetails/338055/S20260606411","No"
"S20260604759","acquisition du papier A4","acquisition du papier A4","Printing paper / A4 paper","Pharmacie Centrale de Tunisie","18/06/2026 15:46","16/07/2026 09:00","French","95%","Contains paper terms such as A4 paper, printing paper, administrative prints, or roll paper.","https://www.tuneps.tn/portail/consultations/consultationdetails/336212/S20260604759","No"
"S20260606108","Acquisition materiel informatique","Acquisition materiel informatique","IT consumables / computers / accessories","Commune Cebbela","25/06/2026 10:30","16/07/2026 10:00","French","95%","Contains IT equipment, computer, consumable, or accessory wording.","https://www.tuneps.tn/portail/consultations/consultationdetails/337727/S20260606108","No"
"S20260700184","Acquisition des Ã©quipements informatiques","Acquisition des Ã©quipements informatiques","Office / IT supplies","Clinique Hospitalo-universataire de mÃ©decine dentaire de monastir","01/07/2026 12:29","16/07/2026 10:00","French","82%","Related to office or IT procurement based on the consultation wording.","https://www.tuneps.tn/portail/consultations/consultationdetails/339295/S20260700184","No"
"S20260607253","Acquisition de papier d'impression pour l'UniversitÃ© de Sfax","Acquisition de papier d'impression pour l'UniversitÃ© de Sfax","Printing paper / A4 paper","UniversitÃ© de Sfax","30/06/2026 15:09","16/07/2026 10:00","French","95%","Contains paper terms such as A4 paper, printing paper, administrative prints, or roll paper.","https://www.tuneps.tn/portail/consultations/consultationdetails/339015/S20260607253","No"
"S20260700024","Acquisition des Toners pour photocopieur et des cartouches dâ€™encre pour imprimantes pour lâ€™annÃ©e 2026","Acquisition des Toners pour photocopieur et des cartouches dâ€™encre pour imprimantes pour lâ€™annÃ©e 2026","Toners and ink cartridges","Direction RÃ©gionale de lâ€™Equipement, de lâ€™Habitat et de lâ€™AmÃ©nagement du Territoire de Sfax","01/07/2026 09:13","16/07/2026 12:00","French","95%","Contains toner, cartridge, or ink wording.","https://www.tuneps.tn/portail/consultations/consultationdetails/339107/S20260700024","No"
"S20260607069","Ø§Ù‚ØªÙ†Ø§Ø¡ ØªØ¬Ù‡ÙŠØ²Ø§Øª Ø¥Ø¹Ù„Ø§Ù…ÙŠØ©","Ø§Ù‚ØªÙ†Ø§Ø¡ ØªØ¬Ù‡ÙŠØ²Ø§Øª Ø¥Ø¹Ù„Ø§Ù…ÙŠØ©","Office / IT supplies","Commissariat rÃ©gional de lâ€™Ã©ducation de Sfax 2","30/06/2026 08:41","17/07/2026 09:30","French","82%","Related to office or IT procurement based on the consultation wording.","https://www.tuneps.tn/portail/consultations/consultationdetails/338797/S20260607069","No"
"S20260700303","Approvisionnement en imprimÃ©s administratifs conformÃ©ment Ã  la liste.","Approvisionnement en imprimÃ©s administratifs conformÃ©ment Ã  la liste.","Office / IT supplies","Commissariat RÃ©gional au DÃ©veloppement Agricole de  Sidi Bouzid","02/07/2026 08:48","17/07/2026 10:00","French","82%","Related to office or IT procurement based on the consultation wording.","https://www.tuneps.tn/portail/consultations/consultationdetails/339428/S20260700303","No"
"S20260607128","consultation acquisition matÃ©riels informatiques","purchasing IT equipment","Office / IT supplies","Observatoire national des maladies nouvelles et Ã©mergentes","30/06/2026 11:01","17/07/2026 10:00","French","82%","Related to office or IT procurement based on the consultation wording.","https://www.tuneps.tn/portail/consultations/consultationdetails/338863/S20260607128","No"
"S20260700082","ACQUISITION MATERIEL INFORMATIQUE 2026","ACQUISITION MATERIEL INFORMATIQUE 2026","IT consumables / computers / accessories","Ù…Ø¬Ù…Ø¹ Ø§Ù„ØµØ­Ø© Ø§Ù„Ø§Ø³Ø§Ø³ÙŠØ© Ø¨ØªÙˆÙ†Ø³ Ø§Ù„Ø¬Ù†ÙˆØ¨ÙŠØ©","01/07/2026 10:10","18/07/2026 10:00","French","95%","Contains IT equipment, computer, consumable, or accessory wording.","https://www.tuneps.tn/portail/consultations/consultationdetails/339171/S20260700082","No"
"S20260604363","acquisition des matÃ©riels informatique pour commune AIN JLOULA","acquisition des matÃ©riels informatique pour commune AIN JLOULA","Office / IT supplies","Commune AIN Jloula","17/06/2026 15:58","20/07/2026 09:00","French","82%","Related to office or IT procurement based on the consultation wording.","https://www.tuneps.tn/portail/consultations/consultationdetails/335684/S20260604363","No"
"S20260700243","Ø§Ù‚ØªÙ†Ù€Ù€Ù€Ø§Ø¡Ù…Ø¹Ø¯Ø§Øª Ø¥Ø¹Ù„Ø§Ù…ÙŠØ©","Ø§Ù‚ØªÙ†Ù€Ù€Ù€Ø§Ø¡Ù…Ø¹Ø¯Ø§Øª Ø¥Ø¹Ù„Ø§Ù…ÙŠØ©","Office / IT supplies","Commissariat RÃ©gional au DÃ©veloppement Agricole de lâ€™Ariana","01/07/2026 13:47","20/07/2026 10:00","French","82%","Related to office or IT procurement based on the consultation wording.","https://www.tuneps.tn/portail/consultations/consultationdetails/339363/S20260700243","No"
"S20260700330","Ø¥Ù‚ØªÙ†Ø§Ø¡ Ù…Ø¹Ø¯Ø§Øª Ø¥Ø¹Ù„Ø§Ù…ÙŠØ© Ùˆ ØªØ¬Ù‡ÙŠØ²Ø§Øª Ø³Ù…Ø¹ÙŠØ© Ù„ÙØ§Ø¦Ø¯Ø© Ø§Ù„Ù…Ø±ÙƒØ² Ø§Ù„Ø¹Ø³ÙƒØ±ÙŠ Ù„Ù„ØªÙƒÙˆÙŠÙ† Ø§Ù„Ù…Ù‡Ù†ÙŠ Ø¨Ù…Ù†ÙˆØ¨Ø©","Ø¥Ù‚ØªÙ†Ø§Ø¡ Ù…Ø¹Ø¯Ø§Øª Ø¥Ø¹Ù„Ø§Ù…ÙŠØ© Ùˆ ØªØ¬Ù‡ÙŠØ²Ø§Øª Ø³Ù…Ø¹ÙŠØ© Ù„ÙØ§Ø¦Ø¯Ø© Ø§Ù„Ù…Ø±ÙƒØ² Ø§Ù„Ø¹Ø³ÙƒØ±ÙŠ Ù„Ù„ØªÙƒÙˆÙŠÙ† Ø§Ù„Ù…Ù‡Ù†ÙŠ Ø¨Ù…Ù†ÙˆØ¨Ø©","Office / IT supplies","MinistÃ¨re de la DÃ©fense Nationale","02/07/2026 09:18","20/07/2026 10:11","French","82%","Related to office or IT procurement based on the consultation wording.","https://www.tuneps.tn/portail/consultations/consultationdetails/339455/S20260700330","No"
"S20260606109","acquisition photocopieur grand tirage","acquisiton photocopieur grand tirage","Printers / office equipment","Centre dâ€™excellence de dÃ©minage humanitaire et de lutte contre les engins explosifs improvisÃ©s","25/06/2026 10:33","21/07/2026 07:00","French","95%","Contains printer, photocopier, scanner, multifunction, or document-shredder wording.","https://www.tuneps.tn/portail/consultations/consultationdetails/337728/S20260606109","No"
"S20260700279","Acquisition de matÃ©riel informatique","Acquisition of IT equipment","Office / IT supplies","Commune de Bembla Mnara","01/07/2026 14:36","21/07/2026 09:00","French","82%","Related to office or IT procurement based on the consultation wording.","https://www.tuneps.tn/portail/consultations/consultationdetails/339403/S20260700279","No"
"S20260607141","Dossier de consultation-matÃ©riel informatique MA-FICOL 2 (KFW) Thelepte","Dossier de consultation-matÃ©riel informatique MA-FICOL 2 (KFW) Thelepte","Office / IT supplies","Commune Telept","30/06/2026 11:25","21/07/2026 10:00","French","82%","Related to office or IT procurement based on the consultation wording.","https://www.tuneps.tn/portail/consultations/consultationdetails/338877/S20260607141","No"
"S20260700001","ACQUISITION DE MATERIEL INFORMATIQUE","ACQUISITION DE MATERIEL INFORMATIQUE","IT consumables / computers / accessories","Commune jedeliane","01/07/2026 00:18","21/07/2026 12:00","French","95%","Contains IT equipment, computer, consumable, or accessory wording.","https://www.tuneps.tn/portail/consultations/consultationdetails/339083/S20260700001","No"
"S20260605475","ACHAT IMPRIMANTE ET PHOTOCOPIE","ACHAT IMPRIMANTE ET PHOTOCOPIE","Printers / office equipment","Etablissement de Formation Professionnelle en PlongÃ©e Zarzis","22/06/2026 15:56","22/07/2026 09:00","French","95%","Contains printer, photocopier, scanner, multifunction, or document-shredder wording.","https://www.tuneps.tn/portail/consultations/consultationdetails/337024/S20260605475","No"
"S20260605477","ACHAT MATERIEL INFORMATIQUE","ACHAT MATERIEL INFORMATIQUE","IT consumables / computers / accessories","Etablissement de Formation Professionnelle en PlongÃ©e Zarzis","22/06/2026 15:59","22/07/2026 09:00","French","95%","Contains IT equipment, computer, consumable, or accessory wording.","https://www.tuneps.tn/portail/consultations/consultationdetails/337026/S20260605477","No"
"S20260605465","ACHAT CONSOMMABLE INFORMATIQUE","ACHAT CONSOMMABLE INFORMATIQUE","IT consumables / computers / accessories","Etablissement de Formation Professionnelle en PlongÃ©e Zarzis","22/06/2026 15:38","22/07/2026 09:00","French","82%","Contains IT equipment, computer, consumable, or accessory wording.","https://www.tuneps.tn/portail/consultations/consultationdetails/337014/S20260605465","No"
"S20260605302","Ø§Ù‚ØªÙ†Ø§Ø¡ Ù…Ø¹Ø¯Ø§Øª Ø¥Ø¹Ù„Ø§Ù…ÙŠØ© Ù„ÙØ§Ø¦Ø¯Ø© Ø¨Ù„Ø¯ÙŠØ© Ù…Ù†Ø²Ù„ Ø¨ÙˆØ²ÙŠØ§Ù†","Ø§Ù‚ØªÙ†Ø§Ø¡ Ù…Ø¹Ø¯Ø§Øª Ø¥Ø¹Ù„Ø§Ù…ÙŠØ© Ù„ÙØ§Ø¦Ø¯Ø© Ø¨Ù„Ø¯ÙŠØ© Ù…Ù†Ø²Ù„ Ø¨ÙˆØ²ÙŠØ§Ù†","Office / IT supplies","Commune menzel bouzaiene","22/06/2026 11:43","23/07/2026 10:00","French","82%","Related to office or IT procurement based on the consultation wording.","https://www.tuneps.tn/portail/consultations/consultationdetails/336830/S20260605302","No"
"S20260607205","Ø§Ù‚ØªÙ†Ø§Ø¡ Ù…Ø¹Ø¯Ø§Øª Ø¥Ø¹Ù„Ø§Ù…ÙŠØ©  Ù„ÙØ§Ø¦Ø¯Ø© Ù…Ø¹Ù‡Ø¯ ØªÙˆÙ†Ø³ Ù„Ù„ØªØ±Ø¬Ù…Ø© Ù„Ø³Ù†Ø© 2026","Ø§Ù‚ØªÙ†Ø§Ø¡ Ù…Ø¹Ø¯Ø§Øª Ø¥Ø¹Ù„Ø§Ù…ÙŠØ©  Ù„ÙØ§Ø¦Ø¯Ø© Ù…Ø¹Ù‡Ø¯ ØªÙˆÙ†Ø³ Ù„Ù„ØªØ±Ø¬Ù…Ø© Ù„Ø³Ù†Ø© 2026","Office / IT supplies","Institut de Traduction de Tunis","30/06/2026 13:30","27/07/2026 10:00","French","82%","Related to office or IT procurement based on the consultation wording.","https://www.tuneps.tn/portail/consultations/consultationdetails/338962/S20260607205","No"
"S20260605881","Acquisition de fournitures d'impression et informatiquesî–î€»îƒîƒ»îƒ¹î„","Procurement of Printing and IT Supplies","Office / IT supplies","Commune de Teboulba","24/06/2026 10:27","30/07/2026 08:10","French","90%","Related to office or IT procurement based on the consultation wording.","https://www.tuneps.tn/portail/consultations/consultationdetails/337477/S20260605881","No"
"S20250704468","Ø§Ù‚ØªÙ†Ø§Ø¡ Ø§Ø³ØªØ±Ø§Ø­Ø© Ù‚Ù‡ÙˆØ© Ù„ØªÙƒØ±ÙŠÙ… Ø§Ù„Ù…Ø£Ù„Ù‚ÙŠÙ† ÙÙŠ Ø§Ù„Ø±ÙŠØ§Ø¶Ø© Ø§Ù„Ù…Ø¯Ù†ÙŠØ© ÙˆØ§Ù„Ø±ÙŠØ§Ø¶Ø§Øª Ø§Ù„Ù…Ø¯Ø±Ø³ÙŠØ© ÙˆØ§Ù„Ø¬Ø§Ù…Ø¹ÙŠØ© Ø¨Ù…Ù†ÙˆØ¨Ø©","Ø§Ù‚ØªÙ†Ø§Ø¡ Ø§Ø³ØªØ±Ø§Ø­Ø© Ù‚Ù‡ÙˆØ© Ù„ØªÙƒØ±ÙŠÙ… Ø§Ù„Ù…Ø£Ù„Ù‚ÙŠÙ† ÙÙŠ Ø§Ù„Ø±ÙŠØ§Ø¶Ø© Ø§Ù„Ù…Ø¯Ù†ÙŠØ© ÙˆØ§Ù„Ø±ÙŠØ§Ø¶Ø§Øª Ø§Ù„Ù…Ø¯Ø±Ø³ÙŠØ© ÙˆØ§Ù„Ø¬Ø§Ù…Ø¹ÙŠØ© Ø¨Ù…Ù†ÙˆØ¨Ø©","Office / IT supplies","Commissariat RÃ©gionale de la jeunesse et des sports Manouba","28/07/2025 12:32","31/12/2026 09:31","French","82%","Related to office or IT procurement based on the consultation wording.","https://www.tuneps.tn/portail/consultations/consultationdetails/246272/S20250704468","No"
"S20231203097","""Ø´Ø±Ø§Ø¡  Ù…ÙˆØ§Ø¯ Ù…ÙƒØªØ¨ÙŠØ©"" Ù„ÙØ§Ø¦Ø¯Ø© Ø§Ù„Ø§Ø¯Ø§Ø±Ø© Ø§Ù„Ø¬Ù‡ÙˆÙŠØ© Ù„Ù„ØµØ­Ø© Ø¨Ø³ÙŠØ¯ÙŠ Ø¨ÙˆØ²ÙŠØ¯","""Ø´Ø±Ø§Ø¡  Ù…ÙˆØ§Ø¯ Ù…ÙƒØªØ¨ÙŠØ©"" Ù„ÙØ§Ø¦Ø¯Ø© Ø§Ù„Ø§Ø¯Ø§Ø±Ø© Ø§Ù„Ø¬Ù‡ÙˆÙŠØ© Ù„Ù„ØµØ­Ø© Ø¨Ø³ÙŠØ¯ÙŠ Ø¨ÙˆØ²ÙŠØ¯","Office / IT supplies","Direction regionale de sante public de sidi bouzid","28/12/2023 11:03","03/01/2027 11:09","French","82%","Related to office or IT procurement based on the consultation wording.","https://www.tuneps.tn/portail/consultations/consultationdetails/131590/S20231203097","No"
"S20220901986","Acquisition des matÃ©riels Informatiques","Acquisition des matÃ©riels Informatiques","Office / IT supplies","Centre de Recherche en MicroÃ©lectronique et Nanotechnologie au technopole de Sousse","26/09/2022 08:48","25/10/2027 09:00","French","82%","Related to office or IT procurement based on the consultation wording.","https://www.tuneps.tn/portail/consultations/consultationdetails/71684/S20220901986","No"
"S20210800959","Lâ€™ACQUISITION DE MATERIELS INFORMATIQUE POUR VIRTUALISATION.","Lâ€™ACQUISITION DE MATERIELS INFORMATIQUE POUR VIRTUALISATION.","IT consumables / computers / accessories","Institut Mohamed Kassab dâ€™OrthopÃ©die Ã  Ksar SaÃ¯d","23/08/2021 09:57","11/09/2032 10:00","French","95%","Contains IT equipment, computer, consumable, or accessory wording.","https://www.tuneps.tn/portail/consultations/consultationdetails/40568/S20210800959","No"
